time,high,low,open,volumefrom,volumeto,close,conversionType,conversionSymbol,timestamp
1680480000,28494.64,27290.26,28186.76,52416.66,1467725080.7,27810.08,direct,,2023-04-03
1680393600,28538.36,27880.95,28465.3,21016.25,592581072.46,28186.76,direct,,2023-04-02
1680307200,28810.95,28265.42,28477.29,19774.03,563299405.51,28465.3,direct,,2023-04-01
1680220800,28650.47,27541.23,28037.46,50916.39,1436740283.79,28477.29,direct,,2023-03-31
1680134400,29172.9,27731.64,28355.87,63033.78,1790022475.11,28037.46,direct,,2023-03-30
1680048000,28640.99,27261.75,27274.9,52216.18,1471076398.38,28355.87,direct,,2023-03-29
1679961600,27501.44,26660.19,27145.09,38686.66,1046551233.93,27274.9,direct,,2023-03-28
1679875200,28044.15,26565.75,27996.81,48705.37,1332454545.99,27145.09,direct,,2023-03-27
1679788800,28212.64,27447.43,27493.43,29291.76,815186275.78,27996.81,direct,,2023-03-26
1679702400,27810.74,27188.56,27491.73,26897.42,739835810.14,27493.43,direct,,2023-03-25
1679616000,28417.0,27047.96,28345.69,56653.76,1580517109.41,27491.73,direct,,2023-03-24
1679529600,28810.23,27188.53,27317.37,69232.03,1938232268.08,28345.69,direct,,2023-03-23
1679443200,28877.16,26681.65,28185.99,85640.26,2400261127.73,27317.37,direct,,2023-03-22
1679356800,28498.09,27411.61,27807.29,47709.66,1338965601.35,28185.99,direct,,2023-03-21
1679270400,28534.79,27229.43,28037.32,65776.48,1837053374.08,27807.29,direct,,2023-03-20
1679184000,28448.08,26902.0,26973.38,48141.92,1337303939.31,28037.32,direct,,2023-03-19
1679097600,27746.59,26658.45,27440.55,48417.21,1324019896.23,26973.38,direct,,2023-03-18
1679011200,27784.36,24945.47,25051.31,96356.43,2553142780.58,27440.55,direct,,2023-03-17
1678924800,25210.61,24221.04,24369.16,55375.79,1372147049.17,25051.31,direct,,2023-03-16
1678838400,25249.88,23950.43,24758.71,74030.83,1824299874.63,24369.16,direct,,2023-03-15
1678752000,26507.17,24084.6,24205.82,109089.41,2744102900.12,24758.71,direct,,2023-03-14
1678665600,24575.29,21897.79,22180.75,94186.56,2191332261.4,24205.82,direct,,2023-03-13
1678579200,22215.0,20448.6,20610.5,63908.6,1351176384.58,22180.75,direct,,2023-03-12
1678492800,20847.54,19898.92,20207.71,69272.41,1413061561.77,20610.5,direct,,2023-03-11
1678406400,20370.96,19597.37,20369.38,105301.85,2102930124.63,20207.71,direct,,2023-03-10
1678320000,21820.94,20120.77,21707.57,75190.47,1583970760.32,20369.38,direct,,2023-03-09
1678233600,22261.89,21643.55,22200.87,41189.49,906402439.01,21707.57,direct,,2023-03-08
1678147200,22540.33,21965.95,22410.34,38868.93,864523666.0,22200.87,direct,,2023-03-07
1678060800,22596.13,22304.69,22433.65,27062.82,606978083.02,22410.34,direct,,2023-03-06
1677974400,22632.51,22240.41,22351.08,20845.84,467793624.03,22433.65,direct,,2023-03-05
1677888000,22410.72,22179.49,22361.45,11820.44,263900606.97,22351.08,direct,,2023-03-04
1677801600,23476.96,22147.42,23467.22,59219.77,1327277875.2,22361.45,direct,,2023-03-03
1677715200,23788.72,23212.33,23641.2,34699.93,812811073.66,23467.22,direct,,2023-03-02
1677628800,23962.77,23037.24,23134.2,45286.75,1069269054.45,23641.2,direct,,2023-03-01
1677542400,23596.23,23039.39,23490.07,34848.42,814038669.29,23134.2,direct,,2023-02-28
1677456000,23876.65,23144.28,23557.39,44498.06,1044207235.8,23490.07,direct,,2023-02-27
1677369600,23673.78,23068.21,23167.45,27038.81,631467544.32,23557.39,direct,,2023-02-26
1677283200,23217.24,22809.89,23189.78,24711.45,568950226.09,23167.45,direct,,2023-02-25
1677196800,24125.33,22830.91,23941.1,68652.11,1610829236.2,23189.78,direct,,2023-02-24
1677110400,24595.08,23629.29,24186.92,67725.34,1630064365.85,23941.1,direct,,2023-02-23
1677024000,24471.79,23597.76,24450.5,71228.71,1707889533.14,24186.92,direct,,2023-02-22
1676937600,25216.35,24168.6,24838.09,68937.6,1699888067.11,24450.5,direct,,2023-02-21
1676851200,25098.8,23873.19,24287.53,54396.11,1341924666.63,24838.09,direct,,2023-02-20
1676764800,25175.28,24253.13,24638.27,43529.32,1073608902.53,24287.53,direct,,2023-02-19
1676678400,24854.76,24454.5,24578.28,22334.7,550069111.96,24638.27,direct,,2023-02-18
1676592000,25012.32,23368.98,23533.22,83842.0,2024871806.46,24578.28,direct,,2023-02-17
1676505600,25233.22,23522.57,24332.21,89399.75,2195432803.47,23533.22,direct,,2023-02-16
1676419200,24338.52,22059.91,22208.56,70450.63,1636571319.77,24332.21,direct,,2023-02-15
1676332800,22308.02,21587.95,21787.77,51049.58,1121665134.71,22208.56,direct,,2023-02-14
1676246400,21895.37,21407.31,21790.14,58725.99,1271661452.37,21787.77,direct,,2023-02-13
1676160000,22081.41,21659.69,21862.19,27490.57,601407332.2,21790.14,direct,,2023-02-12
1676073600,21897.19,21611.54,21634.86,17100.45,371394433.41,21862.19,direct,,2023-02-11
1675987200,21940.0,21495.4,21807.55,52389.7,1139170302.72,21634.86,direct,,2023-02-10
1675900800,23000.67,21741.16,22961.13,72685.0,1626493846.29,21807.55,direct,,2023-02-09
1675814400,23407.79,22688.45,23252.78,32423.41,746102368.06,22961.13,direct,,2023-02-08
1675728000,23343.29,22752.6,22761.44,37031.49,852489794.18,23252.78,direct,,2023-02-07
1675641600,23147.93,22655.5,22940.79,40112.72,918256802.27,22761.44,direct,,2023-02-06
1675555200,23429.68,22796.98,23332.1,27262.45,628865943.88,22940.79,direct,,2023-02-05
1675468800,23582.26,23268.8,23437.21,14312.36,334962158.54,23332.1,direct,,2023-02-04
1675382400,23709.93,23230.74,23470.8,40956.08,961229252.16,23437.21,direct,,2023-02-03
1675296000,24229.18,23423.04,23730.52,57852.6,1378661476.28,23470.8,direct,,2023-02-02
1675209600,23799.9,22792.33,23129.7,50174.15,1166002955.1,23730.52,direct,,2023-02-01
1675123200,23271.14,22725.41,22833.34,49746.31,1144361734.86,23129.7,direct,,2023-01-31
1675036800,23796.62,22577.01,23747.26,73408.97,1699735992.01,22833.34,direct,,2023-01-30
1674950400,23948.42,22981.04,23031.02,57693.1,1356557545.16,23747.26,direct,,2023-01-29
1674864000,23181.57,22895.7,23077.75,20229.78,465656885.65,23031.02,direct,,2023-01-28
1674777600,23485.53,22594.06,23009.15,65135.66,1499524205.45,23077.75,direct,,2023-01-27
1674691200,23268.02,22870.4,23066.28,64065.53,1477492373.79,23009.15,direct,,2023-01-26
1674604800,23801.04,22354.6,22637.8,88106.3,2010835832.21,23066.28,direct,,2023-01-25
1674518400,23159.62,22485.0,22917.47,78065.25,1788469593.53,22637.8,direct,,2023-01-24
1674432000,23154.59,22585.74,22714.99,70990.57,1622068993.43,22917.47,direct,,2023-01-23
1674345600,23072.22,22343.13,22789.92,62351.77,1419749432.93,22714.99,direct,,2023-01-22
1674259200,23327.14,22465.82,22676.2,96424.84,2212422402.47,22789.92,direct,,2023-01-21
1674172800,22724.89,20884.26,21082.28,82923.31,1793127005.71,22676.2,direct,,2023-01-20
1674086400,21180.98,20670.44,20678.47,54649.2,1141134569.38,21082.28,direct,,2023-01-19
1674000000,21624.6,20411.68,21136.12,82422.66,1733563128.99,20678.47,direct,,2023-01-18
1673913600,21555.18,20866.41,21188.92,55706.36,1181967488.8,21136.12,direct,,2023-01-17
1673827200,21438.83,20635.89,20878.94,66430.52,1399257790.94,21188.92,direct,,2023-01-16
1673740800,21047.91,20575.44,20954.52,44461.09,924310249.74,20878.94,direct,,2023-01-15
1673654400,21255.15,19895.77,19932.05,107073.42,2223938908.13,20954.52,direct,,2023-01-14
1673568000,19992.23,18717.45,18849.0,94611.39,1820146569.6,19932.05,direct,,2023-01-13
1673481600,19092.31,17906.4,17938.0,122644.76,2252897545.61,18849.0,direct,,2023-01-12
1673395200,17986.45,17324.71,17442.44,63571.7,1113334370.52,17938.0,direct,,2023-01-11
1673308800,17484.36,17148.57,17179.03,57628.21,997764944.91,17442.44,direct,,2023-01-10
1673222400,17387.59,17103.2,17115.81,73779.59,1271943559.93,17179.03,direct,,2023-01-09
1673136000,17132.21,16913.28,16942.73,21159.6,359149910.85,17115.81,direct,,2023-01-08
1673049600,16972.62,16905.39,16946.16,11628.45,196915427.54,16942.73,direct,,2023-01-07
1672963200,17013.77,16687.42,16825.87,52488.7,883642131.54,16946.16,direct,,2023-01-06
1672876800,16869.84,16764.64,16846.82,31174.48,524511536.58,16825.87,direct,,2023-01-05
1672790400,16972.62,16651.02,16670.16,58841.99,990689260.54,16846.82,direct,,2023-01-04
1672704000,16766.7,16605.01,16670.08,37684.59,628582193.83,16670.16,direct,,2023-01-03
1672617600,16768.07,16544.15,16613.87,30159.75,503360386.62,16670.08,direct,,2023-01-02
1672531200,16619.82,16502.85,16531.31,20256.16,335220861.58,16613.87,direct,,2023-01-01
1672444800,16625.46,16487.05,16599.47,27594.76,456998456.42,16531.31,direct,,2022-12-31
1672358400,16637.25,16364.76,16631.24,53276.85,880260779.52,16599.47,direct,,2022-12-30
1672272000,16650.11,16487.13,16540.47,41148.04,682471478.61,16631.24,direct,,2022-12-29
1672185600,16767.99,16471.35,16700.54,54253.61,901583901.63,16540.47,direct,,2022-12-28
1672099200,16960.3,16606.04,16916.07,42994.72,720956171.23,16700.54,direct,,2022-12-27
1672012800,16926.73,16796.91,16829.1,20635.79,347724478.09,16916.07,direct,,2022-12-26
1671926400,16850.93,16736.37,16837.16,17605.22,295850564.63,16829.1,direct,,2022-12-25
1671840000,16857.81,16779.49,16780.97,17417.89,293139806.69,16837.16,direct,,2022-12-24
1671753600,16907.78,16763.01,16816.01,46894.6,789038908.8,16780.97,direct,,2022-12-23
1671667200,16860.78,16571.31,16821.13,48646.01,814340454.91,16816.01,direct,,2022-12-22
1671580800,16922.92,16737.8,16901.12,42277.5,711271059.5,16821.13,direct,,2022-12-21
1671494400,17028.68,16404.94,16442.79,78296.38,1315229591.09,16901.12,direct,,2022-12-20
1671408000,16813.47,16350.32,16742.74,63181.42,1050395879.84,16442.79,direct,,2022-12-19
1671321600,16830.84,16673.02,16780.55,25188.36,421765916.48,16742.74,direct,,2022-12-18
1671235200,16794.06,16593.68,16658.44,40996.08,684665347.29,16780.55,direct,,2022-12-17
1671148800,17520.63,16611.58,17359.21,88776.6,1508594012.33,16658.44,direct,,2022-12-16
1671062400,17853.72,17296.89,17801.37,68490.07,1200283423.38,17359.21,direct,,2022-12-15
1670976000,18344.32,17684.33,17775.32,84917.12,1523737945.31,17801.37,direct,,2022-12-14
1670889600,17945.07,17096.23,17208.66,80026.6,1407400841.45,17775.32,direct,,2022-12-13
1670803200,17239.13,16881.75,17094.83,43450.3,739369625.44,17208.66,direct,,2022-12-12
1670716800,17259.64,17080.42,17129.19,22135.09,379827965.39,17094.83,direct,,2022-12-11
1670630400,17221.25,17102.71,17126.85,17288.71,296657331.89,17129.19,direct,,2022-12-10
1670544000,17319.38,17077.4,17226.02,41460.2,712368959.63,17126.85,direct,,2022-12-09
1670457600,17286.64,16757.86,16837.85,48682.69,827814503.9,17226.02,direct,,2022-12-08
1670371200,17126.91,16713.28,17086.52,42127.95,710367336.21,16837.85,direct,,2022-12-07
1670284800,17101.02,16917.86,16966.84,47766.64,811906594.36,17086.52,direct,,2022-12-06
1670198400,17409.45,16879.12,17111.76,62808.12,1077884559.22,16966.84,direct,,2022-12-05
1670112000,17194.4,16884.91,16888.31,29823.7,508091945.23,17111.76,direct,,2022-12-04
1670025600,17152.49,16868.66,17094.49,24699.47,419139334.98,16888.31,direct,,2022-12-03
1669939200,17102.08,16827.01,16978.64,45492.23,771518084.81,17094.49,direct,,2022-12-02
1669852800,17255.22,16865.92,17162.35,57361.34,978462617.82,16978.64,direct,,2022-12-01
1669766400,17216.6,16424.76,16431.79,86349.91,1460126671.64,17162.35,direct,,2022-11-30
1669680000,16528.39,16096.7,16207.01,50846.01,833578637.87,16431.79,direct,,2022-11-29
1669593600,16477.82,16000.76,16420.87,53565.6,867757025.61,16207.01,direct,,2022-11-28
1669507200,16587.18,16401.91,16451.53,18193.37,300543689.5,16420.87,direct,,2022-11-27
1669420800,16687.21,16382.61,16508.33,20929.5,346443601.6,16451.53,direct,,2022-11-26
1669334400,16605.86,16336.71,16588.46,34733.48,572460119.25,16508.33,direct,,2022-11-25
1669248000,16787.9,16453.52,16590.98,37641.28,624934230.62,16588.46,direct,,2022-11-24
1669161600,16676.49,16144.79,16198.25,66057.37,1087435133.37,16590.98,direct,,2022-11-23
1669075200,16277.08,15600.3,15760.19,74140.47,1184556737.9,16198.25,direct,,2022-11-22
1668988800,16272.47,15480.69,16253.6,80853.23,1289350720.98,15760.19,direct,,2022-11-21
1668902400,16730.0,16169.2,16683.72,28587.86,470894190.07,16253.6,direct,,2022-11-20
1668816000,16798.75,16539.01,16677.95,17003.18,282884885.11,16683.72,direct,,2022-11-19
1668729600,16975.14,16531.77,16680.21,45048.23,753255014.89,16677.95,direct,,2022-11-18
1668643200,16731.41,16405.81,16648.05,39166.08,650179026.0,16680.21,direct,,2022-11-17
1668556800,16988.63,16373.11,16879.14,64606.13,1075046774.52,16648.05,direct,,2022-11-16
1668470400,17091.76,16509.15,16592.04,76202.66,1282932319.76,16879.14,direct,,2022-11-15
1668384000,17157.81,15797.71,16307.47,84268.36,1384247874.05,16592.04,direct,,2022-11-14
1668297600,16921.72,16235.01,16773.9,35382.36,586182485.99,16307.47,direct,,2022-11-13
1668211200,17067.53,16603.78,17007.72,34631.17,582536367.95,16773.9,direct,,2022-11-12
1668124800,17644.1,16383.43,17559.67,103948.83,1767514338.22,17007.72,direct,,2022-11-11
1668038400,18113.28,15674.81,15820.02,167486.58,2835119228.72,17559.67,direct,,2022-11-10
1667952000,18581.64,15546.97,18544.7,245518.91,4215919087.89,15820.02,direct,,2022-11-09
1667865600,20672.25,17452.87,20593.73,208299.18,4026079371.74,18544.7,direct,,2022-11-08
1667779200,21066.63,20395.49,20910.59,72622.36,1506814091.81,20593.73,direct,,2022-11-07
1667692800,21363.27,20893.65,21301.57,27700.95,586960236.65,20910.59,direct,,2022-11-06
1667606400,21471.49,21085.76,21150.6,33103.84,706196028.56,21301.57,direct,,2022-11-05
1667520000,21295.37,20182.9,20207.99,97929.56,2037648086.91,21150.6,direct,,2022-11-04
1667433600,20385.92,20040.32,20150.33,54134.03,1095711784.35,20207.99,direct,,2022-11-03
1667347200,20801.56,20061.18,20480.27,91094.84,1861306372.17,20150.33,direct,,2022-11-02
1667260800,20684.6,20336.33,20492.56,48670.97,997276692.3,20480.27,direct,,2022-11-01
1667174400,20833.31,20242.91,20630.65,61486.04,1260610163.71,20492.56,direct,,2022-10-31
1667088000,20936.41,20523.41,20820.19,38497.09,797587682.85,20630.65,direct,,2022-10-30
1667001600,21064.84,20564.11,20599.89,58585.18,1219658735.57,20820.19,direct,,2022-10-29
1666915200,20751.67,20031.32,20295.28,78334.3,1597589795.85,20599.89,direct,,2022-10-28
1666828800,20876.24,20207.09,20776.76,88046.28,1813055358.34,20295.28,direct,,2022-10-27
1666742400,21013.26,20059.27,20087.18,118988.74,2453067543.31,20776.76,direct,,2022-10-26
1666656000,20414.92,19243.03,19331.06,103329.66,2052122456.45,20087.18,direct,,2022-10-25
1666569600,19593.09,19164.18,19572.6,63448.35,1228052555.79,19331.06,direct,,2022-10-24
1666483200,19687.8,19081.67,19207.57,31309.01,607568457.44,19572.6,direct,,2022-10-23
1666396800,19254.68,19116.62,19166.4,16403.84,314703377.71,19207.57,direct,,2022-10-22
1666310400,19248.63,18696.2,19043.54,62640.06,1191982244.05,19166.4,direct,,2022-10-21
1666224000,19339.65,18927.42,19123.89,65084.73,1244652119.42,19043.54,direct,,2022-10-20
1666137600,19359.2,19075.49,19330.29,49128.58,943284685.97,19123.89,direct,,2022-10-19
1666051200,19698.1,19095.12,19550.49,60022.88,1167039781.8,19330.29,direct,,2022-10-18
1665964800,19676.02,19159.47,19264.26,42730.12,831592233.83,19550.49,direct,,2022-10-17
1665878400,19424.55,19065.87,19069.72,15790.4,303391318.02,19264.26,direct,,2022-10-16
1665792000,19226.15,18989.54,19182.01,15194.3,290658263.23,19069.72,direct,,2022-10-15
1665705600,19946.24,19085.87,19378.91,73991.58,1445859713.35,19182.01,direct,,2022-10-14
1665619200,19504.63,18229.27,19154.85,88597.27,1669767296.93,19378.91,direct,,2022-10-13
1665532800,19231.72,18977.33,19058.29,38948.93,744262154.09,19154.85,direct,,2022-10-12
1665446400,19263.78,18858.74,19131.36,61563.85,1173375200.58,19058.29,direct,,2022-10-11
1665360000,19526.12,19052.64,19442.41,44380.54,856332007.87,19131.36,direct,,2022-10-10
1665273600,19558.67,19325.6,19419.32,19856.73,386265984.43,19442.41,direct,,2022-10-09
1665187200,19625.41,19273.73,19532.81,17433.49,339438324.44,19419.32,direct,,2022-10-08
1665100800,20058.36,19331.73,19965.12,59698.47,1177831670.26,19532.81,direct,,2022-10-07
1665014400,20449.46,19866.54,20160.74,74646.94,1502842418.9,19965.12,direct,,2022-10-06
1664928000,20366.34,19757.31,20344.58,59503.18,1195512448.37,20160.74,direct,,2022-10-05
1664841600,20459.26,19499.64,19632.35,64461.86,1290593290.94,20344.58,direct,,2022-10-04
1664755200,19697.23,18988.8,19058.15,57248.95,1106456268.73,19632.35,direct,,2022-10-03
1664668800,19394.33,18929.91,19313.96,25352.29,485799328.96,19058.15,direct,,2022-10-02
1664582400,19482.38,19188.77,19425.63,14808.24,286091612.81,19313.96,direct,,2022-10-01
1664496000,20180.46,19201.02,19593.46,73013.93,1428753976.44,19425.63,direct,,2022-09-30
1664409600,19641.07,18848.01,19412.67,68669.51,1327829608.79,19593.46,direct,,2022-09-29
1664323200,19774.99,18494.71,19081.4,93863.47,1792918120.6,19412.67,direct,,2022-09-28
1664236800,20377.45,18832.07,19230.96,105641.68,2089386131.83,19081.4,direct,,2022-09-27
1664150400,19316.15,18689.2,18809.94,98706.77,1874981288.59,19230.96,direct,,2022-09-26
1664064000,19172.03,18652.6,18924.39,28763.0,544445399.91,18809.94,direct,,2022-09-25
1663977600,19308.47,18813.25,19291.13,29706.93,566563739.62,18924.39,direct,,2022-09-24
1663891200,19500.17,18540.64,19405.96,66475.93,1261371285.29,19291.13,direct,,2022-09-23
1663804800,19509.87,18366.46,18468.05,96116.87,1827681691.12,19405.96,direct,,2022-09-22
1663718400,19744.77,18189.92,18879.95,95072.31,1811417134.73,18468.05,direct,,2022-09-21
1663632000,19634.28,18735.87,19541.28,58735.22,1124075891.27,18879.95,direct,,2022-09-20
1663545600,19681.29,18292.38,19417.72,67942.65,1289079956.8,19541.28,direct,,2022-09-19
1663459200,20120.58,19345.98,20118.35,31514.24,622064584.36,19417.72,direct,,2022-09-18
1663372800,20189.93,19756.39,19804.02,36248.24,723991455.67,20118.35,direct,,2022-09-17
1663286400,19889.64,19346.99,19700.15,48209.89,948028635.91,19804.02,direct,,2022-09-16
1663200000,20333.61,19529.68,20233.68,44724.05,892897629.94,19700.15,direct,,2022-09-15
1663113600,20530.34,19652.44,20173.77,52796.4,1065222653.27,20233.68,direct,,2022-09-14
1663027200,22767.89,19914.37,22400.52,83591.14,1788207293.16,20173.77,direct,,2022-09-13
1662940800,22482.54,21567.71,21836.45,57121.32,1264510737.92,22400.52,direct,,2022-09-12
1662854400,21850.77,21366.74,21655.13,27756.78,600008216.45,21836.45,direct,,2022-09-11
1662768000,21807.62,21138.54,21369.73,35129.91,752905078.21,21655.13,direct,,2022-09-10
1662681600,21559.78,19299.24,19321.77,79722.17,1657848347.88,21369.73,direct,,2022-09-09
1662595200,19452.91,19023.78,19287.52,44210.78,850349370.86,19321.77,direct,,2022-09-08
1662508800,19458.77,18559.15,18791.95,50808.95,961396794.5,19287.52,direct,,2022-09-07
1662422400,20177.38,18707.09,19793.29,73359.14,1428040857.48,18791.95,direct,,2022-09-06
1662336000,20051.73,19638.59,20003.46,26176.62,518213568.45,19793.29,direct,,2022-09-05
1662249600,20022.47,19591.33,19834.79,19536.47,387149235.82,20003.46,direct,,2022-09-04
1662163200,20052.13,19659.2,19957.44,17139.2,339922228.57,19834.79,direct,,2022-09-03
1662076800,20439.1,19760.56,20129.93,41618.91,836881983.68,19957.44,direct,,2022-09-02
1661990400,20204.51,19571.05,20050.28,44971.29,896421556.74,20129.93,direct,,2022-09-01
1661904000,20483.64,19804.19,19813.51,57684.46,1165077708.26,20050.28,direct,,2022-08-31
1661817600,20574.12,19548.55,20292.37,70062.98,1405744450.56,19813.51,direct,,2022-08-30
1661731200,20415.53,19548.16,19554.08,52176.52,1043661877.31,20292.37,direct,,2022-08-29
1661644800,20155.59,19527.69,20038.42,29985.28,597441164.24,19554.08,direct,,2022-08-28
1661558400,20363.82,19828.05,20247.99,38543.24,774590756.91,20038.42,direct,,2022-08-27
1661472000,21856.85,20121.8,21565.47,74178.49,1564850841.73,20247.99,direct,,2022-08-26
1661385600,21811.37,21314.81,21369.05,31215.69,674553131.93,21565.47,direct,,2022-08-25
1661299200,21879.03,21154.75,21520.62,42427.08,912147556.2,21369.05,direct,,2022-08-24
1661212800,21675.25,20896.83,21399.66,41086.01,879396196.46,21520.62,direct,,2022-08-23
1661126400,21524.9,20908.27,21514.79,44291.12,940511413.54,21399.66,direct,,2022-08-22
1661040000,21744.02,21074.63,21142.06,30413.31,650828688.99,21514.79,direct,,2022-08-21
1660953600,21361.45,20772.5,20833.43,38001.61,803223608.15,21142.06,direct,,2022-08-20
1660867200,23202.7,20801.31,23201.51,81701.33,1770449474.07,20833.43,direct,,2022-08-19
1660780800,23595.74,23115.03,23338.03,24887.85,582346641.96,23201.51,direct,,2022-08-18
1660694400,24442.02,23185.14,23858.64,45577.22,1079499588.63,23338.03,direct,,2022-08-17
1660608000,24247.12,23673.2,24101.69,36536.46,874700819.79,23858.64,direct,,2022-08-16
1660521600,25203.38,23783.19,24313.71,54754.47,1331189946.12,24101.69,direct,,2022-08-15
1660435200,25012.36,24160.64,24449.86,36035.79,886604908.12,24313.71,direct,,2022-08-14
1660348800,24892.27,24306.08,24412.17,28921.35,710217434.56,24449.86,direct,,2022-08-13
1660262400,24458.75,23609.84,23943.36,34031.35,816924712.5,24412.17,direct,,2022-08-12
1660176000,24895.61,23867.0,23959.67,54803.51,1338354341.04,23943.36,direct,,2022-08-11
1660089600,24216.73,22674.6,23156.66,52668.46,1241926276.36,23959.67,direct,,2022-08-10
1660003200,23923.56,22881.18,23817.72,38306.57,894336181.98,23156.66,direct,,2022-08-09
1659916800,24244.59,23162.43,23179.86,40870.37,976262666.12,23817.72,direct,,2022-08-08
1659830400,23400.38,22854.01,22956.4,16799.46,388274452.92,23179.86,direct,,2022-08-07
1659744000,23350.56,22922.93,23319.22,17293.89,400822462.12,22956.4,direct,,2022-08-06
1659657600,23473.92,22590.7,22622.99,50480.51,1166014614.12,23319.22,direct,,2022-08-05
1659571200,23228.89,22418.27,22825.25,36540.64,835033359.1,22622.99,direct,,2022-08-04
1659484800,23615.71,22695.67,22991.49,44757.6,1039306431.63,22825.25,direct,,2022-08-03
1659398400,23451.58,22668.87,23271.57,34258.27,787698099.6,22991.49,direct,,2022-08-02
1659312000,23504.29,22866.94,23308.14,31489.52,730342406.93,23271.57,direct,,2022-08-01
1659225600,24187.18,23243.11,23646.03,23010.79,545406548.92,23308.14,direct,,2022-07-31
1659139200,24619.11,23521.46,23769.15,32275.85,778025187.47,23646.03,direct,,2022-07-30
1659052800,24416.37,23444.29,23855.65,42343.73,1011106548.39,23769.15,direct,,2022-07-29
1658966400,24196.42,22599.92,22960.19,55708.07,1303025378.67,23855.65,direct,,2022-07-28
1658880000,23101.9,21049.67,21258.08,52722.03,1159394788.9,22960.19,direct,,2022-07-27
1658793600,21341.58,20733.24,21305.59,38536.61,809969148.7,21258.08,direct,,2022-07-26
1658707200,22660.92,21268.28,22585.4,42928.78,940453686.83,21305.59,direct,,2022-07-25
1658620800,23012.74,22270.07,22452.14,22222.43,504031294.93,22585.4,direct,,2022-07-24
1658534400,22997.6,21953.76,22686.32,25789.53,577941932.27,22452.14,direct,,2022-07-23
1658448000,23749.68,22513.01,23153.54,42569.62,987692728.11,22686.32,direct,,2022-07-22
1658361600,23419.67,22348.64,23222.77,52462.17,1201004931.31,23153.54,direct,,2022-07-21
1658275200,24276.14,22923.14,23399.91,74279.35,1752951921.32,23222.77,direct,,2022-07-20
1658188800,23790.89,21588.2,22447.39,79216.86,1796378775.92,23399.91,direct,,2022-07-19
1658102400,22749.06,20760.73,20792.81,66744.81,1466428849.49,22447.39,direct,,2022-07-18
1658016000,21658.47,20752.85,21199.01,25674.37,544609266.04,20792.81,direct,,2022-07-17
1657929600,21574.75,20481.02,20827.27,27875.55,586102523.47,21199.01,direct,,2022-07-16
1657843200,21185.15,20373.45,20577.38,35888.21,747216252.44,20827.27,direct,,2022-07-15
1657756800,20869.51,19620.06,20230.81,50524.15,1021414563.11,20577.38,direct,,2022-07-14
1657670400,20274.83,18919.1,19309.71,60187.72,1176644137.94,20230.81,direct,,2022-07-13
1657584000,20036.49,19230.29,19944.25,44319.07,873486517.39,19309.71,direct,,2022-07-12
1657497600,20852.04,19872.03,20846.53,37062.98,756481179.49,19944.25,direct,,2022-07-11
1657411200,21591.09,20671.26,21582.17,23037.78,485593616.02,20846.53,direct,,2022-07-10
1657324800,21942.8,21328.96,21592.65,21058.31,455218724.75,21582.17,direct,,2022-07-09
1657238400,22377.17,21183.19,21611.8,56687.83,1233183200.22,21592.65,direct,,2022-07-08
1657152000,21840.22,20242.62,20545.04,50417.79,1059807101.57,21611.8,direct,,2022-07-07
1657065600,20637.99,19749.93,20158.69,39337.75,794040793.32,20545.04,direct,,2022-07-06
1656979200,20725.51,19284.32,20212.81,46669.86,931653558.35,20158.69,direct,,2022-07-05
1656892800,20313.34,19036.44,19294.21,31698.75,623812499.17,20212.81,direct,,2022-07-04
1656806400,19617.18,18768.2,19225.66,22431.91,430213883.45,19294.21,direct,,2022-07-03
1656720000,19419.25,18965.44,19249.33,20447.36,393018265.78,19225.66,direct,,2022-07-02
1656633600,20817.65,18952.12,19908.49,62287.55,1220917103.86,19249.33,direct,,2022-07-01
1656547200,20138.96,18622.86,20094.16,56316.14,1084138608.25,19908.49,direct,,2022-06-30
1656460800,20402.7,19844.86,20251.96,37366.3,751143299.02,20094.16,direct,,2022-06-29
1656374400,21184.16,20179.52,20718.16,32936.56,680727935.72,20251.96,direct,,2022-06-28
1656288000,21505.42,20553.32,21031.85,30683.89,643546203.12,20718.16,direct,,2022-06-27
1656201600,21855.84,20968.82,21474.19,20812.53,445023789.79,21031.85,direct,,2022-06-26
1656115200,21587.06,20902.05,21219.46,21604.15,459148971.07,21474.19,direct,,2022-06-25
1656028800,21528.86,20717.47,21098.41,40303.85,850728330.88,21219.46,direct,,2022-06-24
1655942400,21195.95,19870.07,19956.16,40647.06,836636021.34,21098.41,direct,,2022-06-23
1655856000,20862.67,19756.23,20699.21,50640.15,1027725806.49,19956.16,direct,,2022-06-22
1655769600,21694.7,20339.03,20550.91,45262.22,954292227.72,20699.21,direct,,2022-06-21
1655683200,21016.02,19616.32,20553.48,48976.59,995940744.76,20550.91,direct,,2022-06-20
1655596800,20776.87,17936.0,18954.25,61181.89,1190970309.62,20553.48,direct,,2022-06-19
1655510400,20722.69,17600.75,20432.26,100138.03,1898530847.49,18954.25,direct,,2022-06-18
1655424000,21330.5,20221.24,20372.85,63610.58,1312456705.74,20432.26,direct,,2022-06-17
1655337600,22961.17,20209.17,22566.73,62443.29,1326876814.5,20372.85,direct,,2022-06-16
1655251200,22743.84,20083.9,22118.37,118629.55,2516136880.34,22566.73,direct,,2022-06-15
1655164800,23214.28,20837.64,22471.59,93509.58,2063908671.45,22118.37,direct,,2022-06-14
1655078400,26871.6,21976.15,26587.35,169741.38,4089411013.33,22471.59,direct,,2022-06-13
1654992000,28519.32,26570.67,28389.49,38522.37,1060464718.45,26587.35,direct,,2022-06-12
1654905600,29414.37,28105.18,29067.38,24313.37,696986226.28,28389.49,direct,,2022-06-11
1654819200,30336.9,28839.92,30082.94,38461.6,1133049950.35,29067.38,direct,,2022-06-10
1654732800,30677.87,29924.47,30189.27,20555.57,620735850.86,30082.94,direct,,2022-06-09
1654646400,31305.48,29839.64,31111.75,27741.65,844411303.8,30189.27,direct,,2022-06-08
1654560000,31551.28,29210.15,31353.78,44308.05,1340573593.65,31111.75,direct,,2022-06-07
1654473600,31740.27,29876.22,29897.9,34484.33,1076503583.85,31353.78,direct,,2022-06-06
1654387200,30151.31,29516.97,29845.48,10423.68,311392830.2,29897.9,direct,,2022-06-05
1654300800,29953.65,29466.57,29680.3,10446.72,310298122.38,29845.48,direct,,2022-06-04
1654214400,30676.7,29249.37,30439.63,24607.85,734000142.92,29680.3,direct,,2022-06-03
1654128000,30647.18,29574.16,29789.58,31049.7,932339972.84,30439.63,direct,,2022-06-02
1654041600,31956.43,29324.1,31782.16,43767.18,1343136773.16,29789.58,direct,,2022-06-01
1653955200,32367.02,31203.31,31716.41,32446.48,1028808882.28,31782.16,direct,,2022-05-31
1653868800,32161.5,29287.63,29452.23,46295.9,1426112899.49,31716.41,direct,,2022-05-30
1653782400,29548.72,28820.15,29013.53,12840.42,374906552.33,29452.23,direct,,2022-05-29
1653696000,29234.85,28504.59,28597.33,12661.88,365397751.75,29013.53,direct,,2022-05-28
1653609600,29359.16,28251.91,29188.71,36570.36,1054644721.04,28597.33,direct,,2022-05-27
1653523200,29848.6,28060.72,29508.27,45080.31,1314694988.34,29188.71,direct,,2022-05-26
1653436800,30189.17,29321.43,29630.05,26906.19,800315804.06,29508.27,direct,,2022-05-25
1653350400,29800.48,28629.55,29075.68,28263.22,826118559.89,29630.05,direct,,2022-05-24
1653264000,30634.84,28861.27,30264.29,38286.66,1147137210.63,29075.68,direct,,2022-05-23
1653177600,30454.36,29219.51,29410.72,21390.13,639923811.62,30264.29,direct,,2022-05-22
1653091200,29613.15,28924.28,29166.15,15780.21,462392582.18,29410.72,direct,,2022-05-21
1653004800,30725.44,28698.31,30282.48,57051.25,1692088244.46,29166.15,direct,,2022-05-20
1652918400,30505.0,28653.17,28667.29,48991.36,1453211639.97,30282.48,direct,,2022-05-19
1652832000,30673.66,28610.2,30415.91,44949.69,1322816665.45,28667.29,direct,,2022-05-18
1652745600,30744.47,29434.76,29838.5,33082.29,1000070390.57,30415.91,direct,,2022-05-17
1652659200,31296.19,29104.45,31296.11,41520.45,1242326194.24,29838.5,direct,,2022-05-16
1652572800,31406.35,29462.91,30050.31,26775.5,810199953.22,31296.11,direct,,2022-05-15
1652486400,30274.18,28588.99,29244.83,28759.56,845013800.63,30050.31,direct,,2022-05-14
1652400000,30964.26,28700.17,28915.72,64448.46,1942170683.15,29244.83,direct,,2022-05-13
1652313600,30085.67,25835.61,29017.21,160835.32,4501368166.33,28915.72,direct,,2022-05-12
1652227200,32136.04,28087.41,31013.12,131586.22,3967102738.94,29017.21,direct,,2022-05-11
1652140800,32625.41,29836.19,30076.9,103840.6,3244062170.09,31013.12,direct,,2022-05-10
1652054400,34229.57,30068.1,34033.77,108479.24,3472851115.69,30076.9,direct,,2022-05-09
1651968000,35503.12,33732.4,35469.21,41023.3,1413921299.77,34033.77,direct,,2022-05-08
1651881600,36129.02,34837.06,36009.89,20043.0,713980596.97,35469.21,direct,,2022-05-07
1651795200,36654.02,35318.86,36546.86,46629.65,1682230363.22,36009.89,direct,,2022-05-06
1651708800,39831.19,35616.74,39680.21,51315.2,1920976838.73,36546.86,direct,,2022-05-05
1651622400,40004.37,37665.8,37725.38,36519.07,1426469839.29,39680.21,direct,,2022-05-04
1651536000,38644.5,37519.23,38513.01,28729.95,1095654277.96,37725.38,direct,,2022-05-03
1651449600,39155.96,38057.31,38480.53,29810.45,1152557748.76,38513.01,direct,,2022-05-02
1651363200,38668.0,37461.76,37650.13,17299.6,659030267.75,38480.53,direct,,2022-05-01
1651276800,38788.01,37607.77,38594.22,13696.14,525291276.33,37650.13,direct,,2022-04-30
1651190400,39922.6,38179.15,39749.75,24745.92,964020058.19,38594.22,direct,,2022-04-29
1651104000,40386.5,38892.1,39252.04,29981.12,1188927763.73,39749.75,direct,,2022-04-28
1651017600,39465.62,37900.6,38117.39,34510.32,1341340920.21,39252.04,direct,,2022-04-27
1650931200,40797.85,37726.59,40437.52,38188.24,1492483889.14,38117.39,direct,,2022-04-26
1650844800,40590.8,38234.7,39466.26,38636.23,1514243711.31,40437.52,direct,,2022-04-25
1650758400,39943.44,39044.29,39445.97,12668.56,501272140.43,39466.26,direct,,2022-04-24
1650672000,39988.54,39305.67,39716.04,11481.51,455659637.8,39445.97,direct,,2022-04-23
1650585600,40794.73,39190.22,40490.97,28863.91,1154693915.31,39716.04,direct,,2022-04-22
1650499200,42996.5,39864.73,41375.35,31792.3,1324052657.83,40490.97,direct,,2022-04-21
1650412800,42208.1,40919.04,41504.44,25834.31,1072814871.19,41375.35,direct,,2022-04-20
1650326400,41755.93,40588.12,40811.03,18644.77,768239204.72,41504.44,direct,,2022-04-19
1650240000,41096.46,38569.14,39688.16,27721.5,1101204133.54,40811.03,direct,,2022-04-18
1650153600,40602.63,39563.9,40392.55,9701.08,389893199.53,39688.16,direct,,2022-04-17
1650067200,40698.01,40019.08,40563.69,7771.05,313875941.14,40392.55,direct,,2022-04-16
1649980800,40800.76,39779.2,39951.63,13944.94,561514975.78,40563.69,direct,,2022-04-15
1649894400,41503.56,39587.14,41150.33,21473.52,870654332.34,39951.63,direct,,2022-04-14
1649808000,41538.17,39591.74,40086.66,24390.05,990022174.31,41150.33,direct,,2022-04-13
1649721600,40673.93,39266.86,39536.71,27198.43,1087667635.69,40086.66,direct,,2022-04-12
1649635200,42422.86,39229.4,42153.77,34885.37,1423397890.93,39536.71,direct,,2022-04-11
1649548800,43442.48,41921.59,42768.61,12859.53,549311405.43,42153.77,direct,,2022-04-10
1649462400,42813.04,42136.04,42273.38,9050.96,384171498.87,42768.61,direct,,2022-04-09
1649376000,43982.39,42123.42,43466.21,25455.2,1098738940.21,42273.38,direct,,2022-04-08
1649289600,43894.7,42766.45,43177.78,22801.41,989892880.8,43466.21,direct,,2022-04-07
1649203200,45518.32,43129.76,45501.58,43268.81,1918395755.34,43177.78,direct,,2022-04-06
1649116800,47187.66,45382.83,46609.36,24206.2,1118296319.71,45501.58,direct,,2022-04-05
1649030400,46893.71,45136.03,46414.26,24886.34,1145480471.77,46609.36,direct,,2022-04-04
1648944000,47432.6,45565.57,45822.28,17415.21,809819360.86,46414.26,direct,,2022-04-03
1648857600,47208.84,45655.15,46299.75,16494.27,765849775.02,45822.28,direct,,2022-04-02
1648771200,46726.2,44256.66,45522.65,34247.82,1558891962.07,46299.75,direct,,2022-04-01
1648684800,47599.87,45220.41,47056.41,29105.61,1350600519.47,45522.65,direct,,2022-03-31
1648598400,47690.62,46606.97,47445.3,24550.14,1158606188.62,47056.41,direct,,2022-03-30
1648512000,48054.67,47018.87,47128.71,27820.54,1324122253.95,47445.3,direct,,2022-03-29
1648425600,48208.48,46669.19,46842.14,35796.78,1697234773.76,47128.71,direct,,2022-03-28
1648339200,46896.6,44449.41,44542.31,22676.91,1035071605.98,46842.14,direct,,2022-03-27
1648252800,44811.3,44108.04,44331.36,11559.16,513402297.27,44542.31,direct,,2022-03-26
1648166400,45112.71,43629.05,44006.77,34465.44,1529847572.88,44331.36,direct,,2022-03-25
1648080000,44230.66,42653.71,42904.1,34879.48,1514036890.73,44006.77,direct,,2022-03-24
1647993600,43021.74,41806.4,42380.11,26406.13,1116852856.74,42904.1,direct,,2022-03-23
1647907200,43287.39,40923.9,41043.9,37636.83,1597913842.6,42380.11,direct,,2022-03-22
1647820800,41510.03,40555.57,41243.16,21865.63,897693606.33,41043.9,direct,,2022-03-21
1647734400,42297.3,40979.25,42235.02,15580.67,647551620.15,41243.16,direct,,2022-03-20
1647648000,42367.55,41549.61,41790.97,15244.76,638860853.99,42235.02,direct,,2022-03-19
1647561600,42250.94,40230.1,40956.79,31863.74,1310605069.99,41790.97,direct,,2022-03-18
1647475200,41441.08,40581.36,41133.64,18001.83,736387236.02,40956.79,direct,,2022-03-17
1647388800,41638.54,38933.24,39314.86,54967.36,2217384588.25,41133.64,direct,,2022-03-16
1647302400,39863.78,38259.88,39696.28,30642.09,1196862773.71,39314.86,direct,,2022-03-15
1647216000,39802.89,37566.52,37796.31,32100.73,1245884221.15,39696.28,direct,,2022-03-14
1647129600,39254.88,37633.11,38805.53,17796.13,687723583.56,37796.31,direct,,2022-03-13
1647043200,39414.02,38696.52,38741.03,11886.69,464694957.41,38805.53,direct,,2022-03-12
1646956800,40221.93,38261.24,39443.42,39197.4,1527385235.35,38741.03,direct,,2022-03-11
1646870400,42043.56,38853.45,41962.85,42472.49,1683595949.7,39443.42,direct,,2022-03-10
1646784000,42557.95,38685.96,38748.52,47211.82,1960521974.24,41962.85,direct,,2022-03-09
1646697600,39361.33,37905.43,38030.63,35521.85,1373819361.89,38748.52,direct,,2022-03-08
1646611200,39536.14,37191.99,38428.92,40474.56,1547870219.6,38030.63,direct,,2022-03-07
1646524800,39686.74,38133.84,39407.02,21034.62,818379145.11,38428.92,direct,,2022-03-06
1646438400,39596.42,38652.98,39154.4,15938.79,624289503.91,39407.02,direct,,2022-03-05
1646352000,42520.95,38621.24,42474.37,50126.39,2043287977.87,39154.4,direct,,2022-03-04
1646265600,44079.17,41852.46,43935.37,36512.65,1565020513.9,42474.37,direct,,2022-03-03
1646179200,45069.78,43387.92,44428.47,37389.51,1652867992.22,43935.37,direct,,2022-03-02
1646092800,44883.1,42893.5,43189.46,48462.11,2121207162.06,44428.47,direct,,2022-03-01
1646006400,43953.92,37473.3,37714.96,55323.43,2231772118.95,43189.46,direct,,2022-02-28
1645920000,39861.91,37039.71,39134.83,30834.07,1184510440.64,37714.96,direct,,2022-02-27
1645833600,40228.13,38605.65,39239.77,18649.99,732995982.54,39134.83,direct,,2022-02-26
1645747200,39710.26,38043.51,38353.62,39454.29,1536575836.24,39239.77,direct,,2022-02-25
1645660800,39182.44,34349.58,37270.85,93348.71,3367553842.97,38353.62,direct,,2022-02-24
1645574400,39260.51,37083.83,38267.75,31850.78,1218156854.61,37270.85,direct,,2022-02-23
1645488000,38458.26,36371.68,37037.39,42886.39,1605539398.15,38267.75,direct,,2022-02-22
1645401600,39495.33,36862.52,38397.25,47549.32,1819938918.66,37037.39,direct,,2022-02-21
1645315200,40142.98,38019.97,40107.12,23028.66,890707081.68,38397.25,direct,,2022-02-20
1645228800,40464.62,39664.71,39994.66,11674.81,467744109.72,40107.12,direct,,2022-02-19
1645142400,40980.65,39496.7,40545.09,32514.79,1308787736.51,39994.66,direct,,2022-02-18
1645056000,44187.88,40104.04,43896.34,39645.29,1669164372.28,40545.09,direct,,2022-02-17
1644969600,44583.03,43361.09,44576.33,20597.85,905511530.54,43896.34,direct,,2022-02-16
1644883200,44771.91,42452.02,42552.28,27548.28,1210638166.2,44576.33,direct,,2022-02-15
1644796800,42857.15,41581.41,42069.84,27975.8,1183004344.86,42552.28,direct,,2022-02-14
1644710400,42773.35,41900.31,42239.01,12420.62,525779246.0,42069.84,direct,,2022-02-13
1644624000,43041.72,41775.79,42398.98,17662.13,747480841.84,42239.01,direct,,2022-02-12
1644537600,43950.88,42010.61,43531.67,39322.02,1694547021.08,42398.98,direct,,2022-02-11
1644451200,45837.02,43254.41,44422.91,45532.09,2027452816.67,43531.67,direct,,2022-02-10
1644364800,44849.9,43167.21,44080.12,27461.26,1207982275.77,44422.91,direct,,2022-02-09
1644278400,45483.65,42704.39,43861.07,44964.2,1972336800.82,44080.12,direct,,2022-02-08
1644192000,44518.11,41689.77,42412.41,42425.21,1836978530.57,43861.07,direct,,2022-02-07
1644105600,42671.81,41152.05,41418.21,14391.14,600848486.11,42412.41,direct,,2022-02-06
1644019200,41954.24,40963.47,41590.34,22244.16,923755180.09,41418.21,direct,,2022-02-05
1643932800,41737.83,37060.18,37328.64,50443.53,1978064223.39,41590.34,direct,,2022-02-04
1643846400,37411.52,36270.47,36918.19,27541.76,1012101574.73,37328.64,direct,,2022-02-03
1643760000,38883.19,36650.8,38721.49,29144.5,1099971099.08,36918.19,direct,,2022-02-02
1643673600,39281.06,38033.98,38494.66,32504.03,1255765239.87,38721.49,direct,,2022-02-01
1643587200,38769.81,36660.7,37908.44,34716.41,1310842543.43,38494.66,direct,,2022-01-31
1643500800,38364.51,37377.53,38184.86,17354.8,658154943.17,37908.44,direct,,2022-01-30
1643414400,38728.29,37343.45,37744.7,24097.29,913551592.58,38184.86,direct,,2022-01-29
1643328000,38021.06,36176.78,37189.85,38853.31,1439590445.61,37744.7,direct,,2022-01-28
1643241600,37242.79,35543.94,36829.37,46006.99,1671118834.49,37189.85,direct,,2022-01-27
1643155200,38930.36,36275.92,36975.99,57460.0,2163384356.61,36829.37,direct,,2022-01-26
1643068800,37555.35,35732.05,36702.79,44562.17,1632275610.85,36975.99,direct,,2022-01-25
1642982400,37469.19,32990.72,36288.15,94597.7,3289034581.3,36702.79,direct,,2022-01-24
1642896000,36539.19,34648.38,35075.92,39599.36,1405386710.59,36288.15,direct,,2022-01-23
1642809600,36811.86,34130.35,36469.3,68447.95,2419705021.17,35075.92,direct,,2022-01-22
1642723200,41116.66,35494.42,40697.03,94195.63,3610621840.61,36469.3,direct,,2022-01-21
1642636800,43513.14,40564.32,41674.8,35135.79,1482814889.83,40697.03,direct,,2022-01-20
1642550400,42575.28,41144.83,42372.75,32436.62,1359832054.32,41674.8,direct,,2022-01-19
1642464000,42682.77,41301.01,42224.38,26287.26,1099916846.37,42372.75,direct,,2022-01-18
1642377600,43198.05,41571.67,43100.36,20310.91,861459661.83,42224.38,direct,,2022-01-17
1642291200,43484.21,42617.07,43088.74,12615.04,543620929.25,43100.36,direct,,2022-01-16
1642204800,43811.94,42589.82,43089.83,14075.12,607715303.39,43088.74,direct,,2022-01-15
1642118400,43467.05,41785.44,42575.61,27290.3,1165100829.55,43089.83,direct,,2022-01-14
1642032000,44442.67,42334.75,43919.67,29159.4,1263083590.1,42575.61,direct,,2022-01-13
1641945600,44293.83,42471.08,42743.03,31859.05,1384575768.8,43919.67,direct,,2022-01-12
1641859200,43122.32,41279.45,41832.59,36554.37,1545270650.68,42743.03,direct,,2022-01-11
1641772800,42251.07,39667.6,41869.6,51976.97,2140270933.32,41832.59,direct,,2022-01-10
1641686400,42800.66,41237.13,41686.67,21486.68,901652458.82,41869.6,direct,,2022-01-09
1641600000,42306.77,40534.37,41543.79,27559.19,1143171232.86,41686.67,direct,,2022-01-08
1641513600,43138.79,40750.42,43094.54,51310.46,2146452950.19,41543.79,direct,,2022-01-07
1641427200,43779.23,42468.76,43432.51,36804.78,1585314774.47,43094.54,direct,,2022-01-06
1641340800,47067.18,42510.86,45824.54,47769.2,2152187256.39,43432.51,direct,,2022-01-05
1641254400,47529.48,45587.91,46450.79,29035.93,1349229422.84,45824.54,direct,,2022-01-04
1641168000,47572.23,45707.55,47306.41,21681.38,1011309525.84,46450.79,direct,,2022-01-03
1641081600,47979.26,46666.18,47737.35,13025.66,615453426.93,47306.41,direct,,2022-01-02
1640995200,47950.29,46196.03,46197.31,16697.92,786729972.03,47737.35,direct,,2022-01-01
1640908800,48573.22,45665.44,47129.66,34737.79,1636014399.31,46197.31,direct,,2021-12-31
1640822400,47917.89,45964.28,46471.7,39311.18,1852206857.29,47129.66,direct,,2021-12-30
1640736000,48145.34,46107.79,47536.39,33749.8,1599557104.64,46471.7,direct,,2021-12-29
1640649600,50718.53,47317.78,50714.73,40699.4,1985905082.17,47536.39,direct,,2021-12-28
1640563200,52079.46,50481.26,50790.88,21873.37,1120188136.96,50714.73,direct,,2021-12-27
1640476800,51283.7,49485.62,50431.63,14663.26,736617761.86,50790.88,direct,,2021-12-26
1640390400,51158.56,50199.56,50840.36,11532.27,585818997.15,50431.63,direct,,2021-12-25
1640304000,51863.56,50449.36,50830.2,21669.58,1107244995.18,50840.36,direct,,2021-12-24
1640217600,51382.88,48062.25,48614.97,30734.43,1525047125.27,50830.2,direct,,2021-12-23
1640131200,49581.41,48460.43,48917.48,20998.03,1028434929.44,48614.97,direct,,2021-12-22
1640044800,49334.04,46661.88,46913.54,31921.06,1546447524.57,48917.48,direct,,2021-12-21
1639958400,47495.72,45586.49,46697.13,32678.5,1517599333.73,46913.54,direct,,2021-12-20
1639872000,48286.29,46459.66,46861.62,21907.14,1035963939.83,46697.13,direct,,2021-12-19
1639785600,47356.67,45522.92,46164.14,18781.81,874187163.05,46861.62,direct,,2021-12-18
1639699200,48004.37,45505.02,47635.92,37546.89,1756062773.63,46164.14,direct,,2021-12-17
1639612800,49451.4,47546.15,48885.05,26205.68,1271265804.99,47635.92,direct,,2021-12-16
1639526400,49499.91,46562.1,48387.69,44270.94,2132679583.02,48885.05,direct,,2021-12-15
1639440000,48665.63,46320.4,46731.03,34838.49,1646492085.28,48387.69,direct,,2021-12-14
1639353600,50215.42,45800.52,50109.99,49444.13,2353893179.4,46731.03,direct,,2021-12-13
1639267200,50807.75,48689.25,49398.4,21546.75,1072562349.4,50109.99,direct,,2021-12-12
1639180800,49504.07,46829.85,47191.14,24394.48,1181186604.23,49398.4,direct,,2021-12-11
1639094400,50047.85,46989.42,47593.85,39527.74,1905617871.17,47191.14,direct,,2021-12-10
1639008000,50829.41,47347.73,50513.04,34472.44,1681556175.72,47593.85,direct,,2021-12-09
1638921600,51215.6,48711.85,50633.01,25732.2,1290175070.3,50513.04,direct,,2021-12-08
1638835200,51953.27,50083.33,50552.83,29306.55,1496164576.66,50633.01,direct,,2021-12-07
1638748800,50986.02,47260.2,49465.5,49875.62,2437856119.9,50552.83,direct,,2021-12-06
1638662400,49764.31,47840.63,49243.39,42264.26,2074283149.33,49465.5,direct,,2021-12-05
1638576000,53871.2,43563.07,53663.25,89255.49,4315348557.56,49243.39,direct,,2021-12-04
1638489600,57639.15,52493.23,56522.76,44903.19,2461497753.56,53663.25,direct,,2021-12-03
1638403200,57409.48,55850.4,57227.97,30214.7,1712170975.38,56522.76,direct,,2021-12-02
1638316800,59096.53,56505.99,56975.35,36078.24,2072824070.98,57227.97,direct,,2021-12-01
1638230400,59226.33,55931.33,57839.55,41466.86,2383744473.31,56975.35,direct,,2021-11-30
1638144000,58898.57,56752.37,57331.41,29291.8,1690005715.85,57839.55,direct,,2021-11-29
1638057600,57475.26,53436.05,54805.03,21562.34,1186994646.57,57331.41,direct,,2021-11-28
1637971200,55316.65,53668.95,53788.22,18504.73,1010585542.47,54805.03,direct,,2021-11-27
1637884800,59201.95,53575.54,58966.99,60064.72,3312563227.95,53788.22,direct,,2021-11-26
1637798400,59437.04,57056.64,57175.09,24221.47,1412787308.46,58966.99,direct,,2021-11-25
1637712000,57740.34,55899.88,57566.6,28738.13,1630017073.7,57175.09,direct,,2021-11-24
1637625600,57873.77,55485.59,56303.06,37871.22,2153848949.04,57566.6,direct,,2021-11-23
1637539200,59391.98,55673.01,58700.83,41371.1,2371226089.18,56303.06,direct,,2021-11-22
1637452800,60058.65,58575.6,59769.66,14990.7,888045056.17,58700.83,direct,,2021-11-21
1637366400,59901.9,57450.63,58136.22,16773.71,985075173.7,59769.66,direct,,2021-11-20
1637280000,58403.92,55655.03,56930.68,36833.38,2107344590.7,58136.22,direct,,2021-11-19
1637193600,60964.37,56535.61,60365.6,63523.43,3718546724.95,56930.68,direct,,2021-11-18
1637107200,60837.09,58566.05,60108.9,43164.9,2582737930.61,60365.6,direct,,2021-11-17
1637020800,63614.53,58745.71,63614.06,61509.16,3740808475.72,60108.9,direct,,2021-11-16
1636934400,66335.42,63442.58,65509.06,25263.23,1639253320.63,63614.06,direct,,2021-11-15
1636848000,65509.06,63616.33,64409.56,14680.72,947303706.23,65509.06,direct,,2021-11-14
1636761600,64967.34,63406.98,64156.3,12719.98,815997863.99,64409.56,direct,,2021-11-13
1636675200,65466.0,62315.02,64820.8,32742.19,2090846686.0,64156.3,direct,,2021-11-12
1636588800,65585.68,64130.37,64926.06,21475.67,1393819061.45,64820.8,direct,,2021-11-11
1636502400,68978.64,63196.25,66939.24,50591.31,3365466815.36,64926.06,direct,,2021-11-10
1636416000,68514.26,66312.42,67549.14,32745.53,2209551778.82,66939.24,direct,,2021-11-09
1636329600,67755.46,63302.78,63302.78,39774.17,2614939972.01,67549.14,direct,,2021-11-08
1636243200,63309.57,61406.56,61529.76,14937.9,929571983.79,63302.78,direct,,2021-11-07
1636156800,61594.16,60130.85,61019.66,15432.25,939530051.87,61529.76,direct,,2021-11-06
1636070400,62621.97,60789.16,61448.47,20540.56,1262030165.48,61019.66,direct,,2021-11-05
1635984000,63102.86,60745.84,62929.93,23030.57,1420765190.91,61448.47,direct,,2021-11-04
1635897600,63553.52,61057.89,63260.05,29618.09,1852233940.61,62929.93,direct,,2021-11-03
1635811200,64283.57,60677.48,60960.98,36009.96,2260756044.28,63260.05,direct,,2021-11-02
1635724800,62482.31,59554.88,61349.75,31925.65,1955088666.05,60960.98,direct,,2021-11-01
1635638400,62420.57,60022.06,61891.91,19359.29,1181933822.61,61349.75,direct,,2021-10-31
1635552000,62371.52,60774.38,62282.5,15917.35,979987095.61,61891.91,direct,,2021-10-30
1635465600,62967.45,60269.97,60610.11,35214.62,2168021242.77,62282.5,direct,,2021-10-29
1635379200,62252.08,58145.43,58464.42,51251.1,3090102767.38,60610.11,direct,,2021-10-28
1635292800,61473.0,58128.18,60315.68,45852.35,2719093218.08,58464.42,direct,,2021-10-27
1635206400,63290.04,59868.68,63089.04,28107.19,1738003094.57,60315.68,direct,,2021-10-26
1635120000,63709.97,60658.35,60863.56,24693.91,1549308691.98,63089.04,direct,,2021-10-25
1635033600,61481.25,59529.34,61313.09,19158.07,1158838824.68,60863.56,direct,,2021-10-24
1634947200,61733.43,59705.11,60693.59,16232.5,990360071.85,61313.09,direct,,2021-10-23
1634860800,63731.17,60017.23,62283.96,40476.42,2504718475.2,60693.59,direct,,2021-10-22
1634774400,66645.73,62076.16,66021.02,62097.42,3962470063.85,62283.96,direct,,2021-10-21
1634688000,66980.66,63543.7,64283.97,45364.94,2978059285.56,66021.02,direct,,2021-10-20
1634601600,64468.7,61410.11,62038.16,42983.11,2706420467.09,64283.97,direct,,2021-10-19
1634515200,62662.72,59925.93,61520.54,50489.09,3113486441.7,62038.16,direct,,2021-10-18
1634428800,61698.1,59050.3,60877.77,23336.32,1414498881.98,61520.54,direct,,2021-10-17
1634342400,62341.46,60153.79,61684.96,22943.96,1404879137.37,60877.77,direct,,2021-10-16
1634256000,62889.98,56885.66,57359.21,62053.36,3737889743.83,61684.96,direct,,2021-10-15
1634169600,58514.76,56854.38,57369.0,28061.61,1617497364.76,57359.21,direct,,2021-10-14
1634083200,57768.98,54279.61,56010.9,34054.43,1906230334.0,57369.0,direct,,2021-10-13
1633996800,57646.93,54098.22,57498.8,33966.65,1913353762.18,56010.9,direct,,2021-10-12
1633910400,57825.98,54448.68,54700.24,31803.75,1805863526.52,57498.8,direct,,2021-10-11
1633824000,56473.63,54131.52,54968.04,23094.98,1276001425.96,54700.24,direct,,2021-10-10
1633737600,55485.2,53696.32,53949.29,14593.95,799607238.61,54968.04,direct,,2021-10-09
1633651200,56047.91,53666.09,53796.22,29127.91,1592265868.06,53949.29,direct,,2021-10-08
1633564800,55359.77,53391.93,55343.24,33806.76,1836529821.85,53797.21,direct,,2021-10-07
1633478400,55656.67,50439.32,51504.27,64415.98,3444996109.53,55345.85,direct,,2021-10-06
1633392000,51885.03,49087.72,49276.91,40687.89,2049372160.16,51504.27,direct,,2021-10-05
1633305600,49501.21,46944.28,48234.05,34394.0,1664027525.19,49276.91,direct,,2021-10-04
1633219200,49185.34,47137.07,47669.02,18588.83,895606844.23,48234.05,direct,,2021-10-03
1633132800,48347.69,47468.49,48164.35,16062.18,769022184.37,47669.02,direct,,2021-10-02
1633046400,48470.13,43304.82,43829.34,53577.95,2498575570.28,48164.35,direct,,2021-10-01
1632960000,44106.6,41436.79,41539.43,33984.98,1469981944.79,43829.34,direct,,2021-09-30
1632873600,42603.18,40790.67,41056.79,26354.27,1100252801.68,41539.43,direct,,2021-09-29
1632787200,42781.24,40924.13,42187.51,31946.42,1335757058.57,41056.79,direct,,2021-09-28
1632700800,44360.41,42139.24,43201.79,26251.27,1140232492.25,42187.51,direct,,2021-09-27
1632614400,43928.49,40825.4,42721.91,27847.04,1187820024.18,43201.79,direct,,2021-09-26
1632528000,42992.94,41710.08,42848.41,18046.04,767641976.96,42721.91,direct,,2021-09-25
1632441600,45143.18,40807.2,44893.87,60130.03,2565373998.35,42848.41,direct,,2021-09-24
1632355200,44994.17,43108.42,43576.15,34506.88,1522818255.74,44893.87,direct,,2021-09-23
1632268800,44012.22,40589.07,40709.59,42391.1,1807576533.35,43576.15,direct,,2021-09-22
1632182400,43625.93,39767.17,42925.46,70924.75,2972565920.07,40709.59,direct,,2021-09-21
1632096000,47340.49,42552.63,47251.76,64374.41,2849781014.82,42925.46,direct,,2021-09-20
1632009600,48376.3,46864.5,48312.46,14044.93,668723282.36,47251.76,direct,,2021-09-19
1631923200,48808.0,47066.47,47297.98,15782.18,761079785.11,48312.46,direct,,2021-09-18
1631836800,48172.36,46770.31,47764.47,18941.92,899242093.44,47297.98,direct,,2021-09-17
1631750400,48498.51,47050.55,48148.45,25702.33,1229076140.65,47764.47,direct,,2021-09-16
1631664000,48457.3,46725.15,47129.01,26904.97,1282942628.56,48148.45,direct,,2021-09-15
1631577600,47263.56,44776.37,44958.56,26751.25,1237183544.6,47129.01,direct,,2021-09-14
1631491200,46821.84,43511.3,46049.72,42623.67,1909473369.72,44958.56,direct,,2021-09-13
1631404800,46403.5,44765.82,45166.12,16366.41,747181260.09,46049.72,direct,,2021-09-12
1631318400,45987.63,44741.98,44853.1,14599.26,662298068.85,45166.12,direct,,2021-09-11
1631232000,47026.67,44198.27,46392.85,35701.24,1631276774.64,44853.1,direct,,2021-09-10
1631145600,47335.29,45572.3,46073.45,32273.7,1499767099.51,46392.85,direct,,2021-09-09
1631059200,47362.35,44475.76,46856.31,45638.83,2105187289.07,46073.45,direct,,2021-09-08
1630972800,52919.24,43904.42,52693.32,83874.09,4055873734.71,46856.31,direct,,2021-09-07
1630886400,52766.16,51035.68,51784.16,25623.3,1328373298.0,52693.32,direct,,2021-09-06
1630800000,51890.18,49499.28,49935.29,21382.07,1084416553.08,51784.16,direct,,2021-09-05
1630713600,50549.35,49501.12,50019.51,16795.12,839888927.54,49935.29,direct,,2021-09-04
1630627200,51056.15,48362.56,49280.77,38496.86,1926045807.12,50019.51,direct,,2021-09-03
1630540800,50374.89,48632.7,48840.01,32516.15,1615790894.94,49280.77,direct,,2021-09-02
1630454400,49062.05,46544.74,47159.26,31823.8,1520961266.36,48840.01,direct,,2021-09-01
1630368000,48252.74,46713.72,46993.31,29947.56,1418199668.83,47159.26,direct,,2021-08-31
1630281600,48878.11,46872.47,48794.26,29046.26,1392617744.31,46993.31,direct,,2021-08-30
1630195200,49653.49,47841.49,48918.9,18983.79,924625515.76,48794.26,direct,,2021-08-29
1630108800,49306.47,48386.9,49088.1,12815.36,626553869.3,48918.9,direct,,2021-08-28
1630022400,49166.31,46376.81,46852.22,27872.76,1331637984.84,49088.1,direct,,2021-08-27
1629936000,49358.2,46456.68,48996.44,34276.36,1618461768.41,46852.22,direct,,2021-08-26
1629849600,49257.74,47135.07,47690.54,25061.09,1208134772.96,48996.44,direct,,2021-08-25
1629763200,49859.97,47580.66,49521.06,28718.08,1399185980.56,47690.54,direct,,2021-08-24
1629676800,50513.83,49048.25,49289.71,30374.33,1515250474.77,49521.06,direct,,2021-08-23
1629590400,49512.19,48119.98,48867.87,16835.81,822323898.98,49289.71,direct,,2021-08-22
1629504000,49809.82,48330.03,49336.45,22928.52,1125508731.91,48867.87,direct,,2021-08-21
1629417600,49377.5,46652.0,46761.49,36326.2,1742574002.38,49336.45,direct,,2021-08-20
1629331200,47044.06,43982.21,44714.54,33300.5,1511027965.43,46761.49,direct,,2021-08-19
1629244800,46024.97,44240.9,44684.43,30513.78,1377529230.43,44714.54,direct,,2021-08-18
1629158400,47100.97,44438.79,45927.4,37125.87,1700658063.3,44684.43,direct,,2021-08-17
1629072000,48064.42,45681.1,47015.94,28459.99,1332377363.69,45927.4,direct,,2021-08-16
1628985600,47390.93,45595.22,47102.03,18032.86,836663894.85,47015.94,direct,,2021-08-15
1628899200,48136.25,46049.28,47832.93,23828.49,1120499538.82,47102.03,direct,,2021-08-14
1628812800,47890.79,44260.38,44425.52,34442.64,1595718853.28,47832.93,direct,,2021-08-13
1628726400,46214.21,43786.4,45556.69,35460.2,1588850342.27,44425.52,direct,,2021-08-12
1628640000,46763.89,45360.51,45601.03,30818.26,1421598811.69,45556.69,direct,,2021-08-11
1628553600,46707.56,44663.2,46292.61,35319.34,1609844198.85,45601.03,direct,,2021-08-10
1628467200,46476.01,42818.07,43827.75,49016.22,2219734084.88,46292.61,direct,,2021-08-09
1628380800,45310.33,43300.59,44617.96,39433.62,1745878741.47,43827.75,direct,,2021-08-08
1628294400,44731.51,42473.57,42852.18,50446.88,2199730007.61,44617.96,direct,,2021-08-07
1628208000,43363.62,39895.05,40888.18,48254.57,2009167763.65,42852.18,direct,,2021-08-06
1628121600,41409.14,37330.04,39738.56,59748.14,2357831521.97,40888.18,direct,,2021-08-05
1628035200,39961.11,37526.24,38189.3,34035.77,1318983897.48,39738.56,direct,,2021-08-04
1627948800,39779.45,37679.22,39158.53,38225.1,1466921591.54,38189.3,direct,,2021-08-03
1627862400,40446.6,38698.01,39870.76,33109.34,1308894644.03,39158.53,direct,,2021-08-02
1627776000,42584.65,39471.54,41474.72,33625.25,1385907257.88,39870.76,direct,,2021-08-01
1627689600,42373.59,41065.61,42231.83,25355.65,1056705603.97,41474.72,direct,,2021-07-31
1627603200,42301.76,38346.18,40030.52,42436.67,1698014609.78,42231.83,direct,,2021-07-30
1627516800,40633.62,39281.83,40030.01,31540.85,1257968294.92,40030.52,direct,,2021-07-29
1627430400,40906.09,38809.89,39496.69,66747.14,2662886395.8,40030.01,direct,,2021-07-28
1627344000,39535.5,36422.45,37269.52,58179.65,2197490232.78,39496.69,direct,,2021-07-27
1627257600,40553.85,35270.24,35369.93,100269.43,3840983132.28,37269.52,direct,,2021-07-26
1627171200,35382.63,33892.36,34282.56,22685.72,781929775.48,35369.93,direct,,2021-07-25
1627084800,34519.75,33429.09,33637.92,20217.05,686017155.75,34282.56,direct,,2021-07-24
1626998400,33637.93,32012.62,32299.47,23478.17,765209760.41,33637.92,direct,,2021-07-23
1626912000,32604.4,31738.48,32139.48,24409.69,785311959.3,32299.47,direct,,2021-07-22
1626825600,32814.13,29513.88,29795.55,48925.57,1538668590.41,32139.48,direct,,2021-07-21
1626739200,31063.88,29320.09,30847.55,43333.42,1291958152.32,29795.55,direct,,2021-07-20
1626652800,31907.17,30487.11,31806.3,38060.99,1179342118.61,30847.55,direct,,2021-07-19
1626566400,32446.17,31131.67,31546.64,25079.04,796652696.45,31806.3,direct,,2021-07-18
1626480000,31966.25,31194.16,31401.76,27922.98,881285396.92,31546.64,direct,,2021-07-17
1626393600,32256.94,31046.14,31867.46,25602.04,812765644.4,31401.76,direct,,2021-07-16
1626307200,33188.54,31133.75,32820.5,33647.48,1073939852.55,31867.46,direct,,2021-07-15
1626220800,33099.2,31601.99,32737.47,27262.01,883070516.73,32820.5,direct,,2021-07-14
1626134400,33335.54,32206.14,33088.51,25562.97,837278173.94,32737.47,direct,,2021-07-13
1626048000,34658.46,32660.38,34249.3,31074.01,1039311244.06,33088.51,direct,,2021-07-12
1625961600,34595.69,33335.4,33515.13,15724.2,533337900.01,34249.3,direct,,2021-07-11
1625875200,34253.5,33030.16,33804.2,19345.51,651899496.99,33515.13,direct,,2021-07-10
1625788800,34076.49,32274.31,32874.01,25677.95,853165387.13,33804.2,direct,,2021-07-09
1625702400,33934.31,32108.68,33880.79,47884.76,1573967671.27,32874.01,direct,,2021-07-08
1625616000,35066.82,33807.42,34237.66,21784.2,752074468.65,33880.79,direct,,2021-07-07
1625529600,35096.65,33558.75,33702.79,32844.8,1123145329.6,34237.66,direct,,2021-07-06
1625443200,35290.8,33151.51,35287.97,31526.39,1072690410.4,33702.79,direct,,2021-07-05
1625356800,35945.36,34390.95,34682.84,15950.93,563891553.21,35287.97,direct,,2021-07-04
1625270400,34944.91,33333.05,33804.54,17319.23,595117204.83,34682.84,direct,,2021-07-03
1625184000,33968.47,32715.18,33543.11,33082.4,1102040372.36,33804.54,direct,,2021-07-02
1625097600,35065.41,32757.33,35056.39,36889.93,1238732543.23,33543.11,direct,,2021-07-01
1625011200,36090.37,34062.04,35901.41,39796.96,1388243727.19,35056.39,direct,,2021-06-30
1624924800,36624.75,34243.82,34487.11,44215.51,1578253520.29,35901.41,direct,,2021-06-29
1624838400,35292.57,33890.86,34713.81,41259.21,1424168416.33,34487.11,direct,,2021-06-28
1624752000,34754.5,32031.15,32307.35,60403.96,2002954688.79,34713.81,direct,,2021-06-27
1624665600,32680.58,30190.9,31593.86,58331.1,1826363014.48,32307.35,direct,,2021-06-26
1624579200,35494.5,31290.25,34649.84,91636.1,3027434524.39,31593.86,direct,,2021-06-25
1624492800,35267.23,32340.83,33678.64,38755.56,1311147481.02,34649.84,direct,,2021-06-24
1624406400,34831.93,31790.02,32537.58,60338.69,2037061709.14,33678.64,direct,,2021-06-23
1624320000,33312.87,28908.07,31652.62,129940.61,4060734244.07,32537.58,direct,,2021-06-22
1624233600,35760.61,31284.7,35602.26,111039.05,3650731161.39,31652.62,direct,,2021-06-21
1624147200,36139.95,33377.82,35515.38,56525.29,1964614466.35,35602.26,direct,,2021-06-20
1624060800,36443.26,34863.17,35830.29,44782.25,1601193146.33,35515.38,direct,,2021-06-19
1623974400,38201.23,35158.89,38082.3,60242.99,2207651943.63,35830.29,direct,,2021-06-18
1623888000,39537.42,37386.57,38345.41,41591.09,1599770630.8,38082.3,direct,,2021-06-17
1623801600,40487.98,38122.04,40161.86,48107.62,1883613058.48,38345.41,direct,,2021-06-16
1623715200,41307.06,39526.69,40526.63,48248.1,1943860792.12,40161.86,direct,,2021-06-15
1623628800,41025.42,38755.79,39017.37,68729.09,2740589573.6,40526.63,direct,,2021-06-14
1623542400,39374.68,34802.24,35541.78,46353.98,1727291768.5,39017.37,direct,,2021-06-13
1623456000,37445.32,34655.21,37339.98,40619.14,1450138289.51,35541.78,direct,,2021-06-12
1623369600,37665.85,35981.84,36680.78,43119.67,1596038876.7,37339.98,direct,,2021-06-11
1623283200,38387.2,35821.05,37391.58,63052.49,2338112083.52,36680.78,direct,,2021-06-10
1623196800,37528.42,32435.18,33409.38,92280.57,3249553573.38,37391.58,direct,,2021-06-09
1623110400,34061.09,31034.35,33582.86,88483.79,2890313261.68,33409.38,direct,,2021-06-08
1623024000,36790.39,33367.12,35798.57,52209.55,1850311020.63,33582.86,direct,,2021-06-07
1622937600,36453.81,35264.34,35538.4,27469.69,986275148.28,35798.57,direct,,2021-06-06
1622851200,37911.76,34846.16,36861.5,39864.17,1444088532.56,35538.4,direct,,2021-06-05
1622764800,39273.49,35617.03,39229.66,49661.48,1837944242.33,36861.5,direct,,2021-06-04
1622678400,39482.46,37199.92,37576.98,41098.93,1586641442.02,39229.66,direct,,2021-06-03
1622592000,38225.18,35935.34,36683.51,39948.44,1494571249.19,37576.98,direct,,2021-06-02
1622505600,37910.19,35733.52,37290.83,44444.78,1626268789.21,36683.51,direct,,2021-06-01
1622419200,37512.8,34202.86,35662.59,50306.62,1821662523.97,37290.83,direct,,2021-05-31
1622332800,36481.62,33400.65,34611.58,37522.16,1325408340.1,35662.59,direct,,2021-05-30
1622246400,37307.1,33666.06,35680.92,60616.25,2127790128.94,34611.58,direct,,2021-05-29
1622160000,38879.6,34733.76,38538.84,85345.66,3104364367.82,35680.92,direct,,2021-05-28
1622073600,40408.95,37211.84,39295.08,46474.62,1804036815.09,38538.84,direct,,2021-05-27
1621987200,40854.81,37855.81,38387.36,66483.59,2607759779.42,39295.08,direct,,2021-05-26
1621900800,39842.9,36509.09,38837.76,66530.67,2529569055.97,38387.36,direct,,2021-05-25
1621814400,39945.35,34467.32,34716.84,106765.14,3981461441.04,38837.76,direct,,2021-05-24
1621728000,38304.55,31157.18,37491.5,131584.71,4494413873.1,34716.84,direct,,2021-05-23
1621641600,38841.92,35287.71,37350.39,74964.98,2808008188.27,37491.5,direct,,2021-05-22
1621555200,42252.07,33552.8,40597.4,120589.87,4573692788.95,37350.39,direct,,2021-05-21
1621468800,42520.03,35009.25,36771.87,139648.53,5531454912.79,40597.4,direct,,2021-05-20
1621382400,43564.34,29925.2,42886.02,290986.06,11120220854.77,36771.87,direct,,2021-05-19
1621296000,45819.36,42309.39,43552.14,71930.7,3159184422.64,42886.02,direct,,2021-05-18
1621209600,46665.19,42130.83,46490.71,134127.17,5896147491.21,43552.14,direct,,2021-05-17
1621123200,49808.83,43918.69,46775.29,79337.9,3693969204.75,46490.71,direct,,2021-05-16
1621036800,50710.05,46606.18,49887.96,53332.47,2591003797.63,46775.29,direct,,2021-05-15
1620950400,51554.66,48910.06,49700.6,42891.66,2156016499.66,49887.96,direct,,2021-05-14
1620864000,51377.99,47029.73,49504.08,119769.29,5919941739.84,49700.6,direct,,2021-05-13
1620777600,58005.44,49182.89,56747.52,74345.74,4035173480.67,49504.08,direct,,2021-05-12
1620691200,56928.37,54490.38,55870.01,42949.94,2395231325.24,56747.52,direct,,2021-05-11
1620604800,59587.03,54239.16,58294.18,71168.05,4067497161.41,55870.01,direct,,2021-05-10
1620518400,59276.99,56350.98,58943.13,45716.87,2645394205.33,58294.18,direct,,2021-05-09
1620432000,59521.69,56985.44,57374.33,37728.82,2211507566.18,58943.13,direct,,2021-05-08
1620345600,58695.29,55311.16,56441.94,42812.69,2439662460.45,57374.33,direct,,2021-05-07
1620259200,58392.76,55299.4,57506.88,50632.92,2878647496.02,56441.94,direct,,2021-05-06
1620172800,57944.11,52978.89,53244.07,56998.25,3200062630.96,57506.88,direct,,2021-05-05
1620086400,57226.81,53108.04,57195.07,64556.47,3556756117.3,53244.07,direct,,2021-05-04
1620000000,58963.84,56531.6,56623.51,41015.04,2371465902.34,57195.07,direct,,2021-05-03
1619913600,57934.82,56092.72,57843.16,21671.56,1230710822.31,56623.51,direct,,2021-05-02
1619827200,58498.65,57057.4,57757.97,26146.3,1511783659.93,57843.16,direct,,2021-05-01
1619740800,57984.34,53089.93,53581.58,48771.0,2719315702.2,57757.97,direct,,2021-04-30
1619654400,55217.24,52399.42,54877.94,43948.76,2359198137.55,53581.58,direct,,2021-04-29
1619568000,56461.55,53886.63,55073.48,42647.15,2339383717.48,54877.94,direct,,2021-04-28
1619481600,55490.94,53357.59,54062.29,40602.56,2220077233.11,55073.48,direct,,2021-04-27
1619395200,54389.71,48843.41,49120.97,61603.5,3254396664.97,54062.29,direct,,2021-04-26
1619308800,50576.4,47073.07,50115.99,44241.37,2176241676.28,49120.97,direct,,2021-04-25
1619222400,51223.86,48769.48,51178.03,33894.94,1695108976.06,50115.99,direct,,2021-04-24
1619136000,52112.75,47495.24,51717.61,105510.21,5241192198.03,51178.03,direct,,2021-04-23
1619049600,55458.61,50519.78,53803.25,84222.11,4488994737.96,51717.61,direct,,2021-04-22
1618963200,56801.94,53640.81,56496.06,41813.35,2312255459.33,53803.25,direct,,2021-04-21
1618876800,57101.05,53429.73,55680.11,55866.75,3091319805.6,56496.06,direct,,2021-04-20
1618790400,57590.64,54291.08,56246.82,48650.49,2732647682.18,55680.11,direct,,2021-04-19
1618704000,60393.33,52785.1,60056.07,112545.94,6264051811.58,56246.82,direct,,2021-04-18
1618617600,62541.21,59712.92,61416.41,34261.66,2093039585.66,60056.07,direct,,2021-04-17
1618531200,63567.11,60048.13,63233.03,57540.3,3544777400.64,61416.41,direct,,2021-04-16
1618444800,63826.89,62038.33,62964.27,34089.46,2146219571.03,63233.03,direct,,2021-04-15
1618358400,64859.81,61312.98,63558.48,64272.96,4066819695.96,62964.27,direct,,2021-04-14
1618272000,63682.32,59811.31,59845.76,52964.84,3299086696.94,63558.48,direct,,2021-04-13
1618185600,61233.29,59421.37,59980.45,31804.9,1913098388.79,59845.76,direct,,2021-04-12
1618099200,60673.37,59218.25,59784.8,20365.62,1218894531.01,59980.45,direct,,2021-04-11
1618012800,61193.5,57885.43,58106.85,38726.18,2322058695.22,59784.8,direct,,2021-04-10
1617926400,58881.94,57694.22,58084.46,21314.29,1241735091.75,58106.85,direct,,2021-04-09
1617840000,58150.23,55711.07,55951.98,25461.84,1458096433.7,58084.46,direct,,2021-04-08
1617753600,58628.19,55467.58,58010.35,50347.59,2855410824.81,55951.98,direct,,2021-04-07
1617667200,59464.31,57369.44,59119.56,26304.15,1535666142.46,58010.35,direct,,2021-04-06
1617580800,59235.68,56833.44,58219.43,24696.26,1439529332.47,59119.56,direct,,2021-04-05
1617494400,58493.73,56493.38,57074.97,19002.99,1093079652.2,58219.43,direct,,2021-04-04
